id	local_path	source_page	rights	credit	notes
thunder-rain-veranda	audio/original/thunder_and_rain_on_a_veranda.ogg	https://commons.wikimedia.org/wiki/File:Thunder_and_rain_on_a_v.ogg	public domain	ezwa / PDSounds	Original recording released into the public domain by its author.
noaa-iceberg-harmonic-tremor	audio/original/noaa_iceberg_harmonic_tremor.wav	https://www.pmel.noaa.gov/acoustics/sounds/bloop.html	U.S. government work; public domain in the United States	NOAA Pacific Marine Environmental Laboratory	Recorded signal is sped up 3x; fundamental about 40 Hz with 40 Hz overtone spacing.
dvorak-new-world-largo	audio/original/dvorak_new_world_ii_largo.ogg	https://commons.wikimedia.org/wiki/File:Antonin_Dvorak_-_symphony_no._9_in_e_minor_%27from_the_new_world%27,_op._95_-_ii._largo.ogg	public-domain dedication	Musopen	Composition and recording are marked public domain on Wikimedia Commons.
bartok-sonatina	audio/original/bartok_sonatina.ogg	https://commons.wikimedia.org/wiki/File:Bartok_-_Sonatina.ogg	CC BY-SA 3.0	La Pianista	Composition is public domain; this 2009 performance recording is CC BY-SA 3.0.
russolo-corale	audio/original/russolo_corale_1921.mp3	https://archive.org/details/russolo-luigi-corale-serenata-1921	public domain in the United States	Luigi and Antonio Russolo	1921 sound recording; Public Domain Review lists Corale as public-domain audio.
russolo-serenata	audio/original/russolo_serenata_1921.mp3	https://archive.org/details/russolo-luigi-corale-serenata-1921	public domain in the United States	Luigi and Antonio Russolo	1921 sound recording; Public Domain Review lists Serenata as public-domain audio.
touch-radio-49-a-journey-south	-	https://touchradio.org.uk/touch_radio_49_chris_watson.html	reference only; all rights reserved	Chris Watson / Touch	Requested Antarctic hydrophone recording: ice floes squeaking/creaking while rubbing; Touch/touch33.net item, but Touch Radio episode 49. Do not redistribute.
touch-radio-33-aer-without-number	-	https://touchradio.org.uk/touch_radio_33_aer.html	reference only	AER / Jon Wozencroft / Touch	Literal Touch Radio 33; separate from the Antarctic Chris Watson recording. Do not redistribute.
florence-nightingale-1890-second-rendition	audio/original/florence_nightingale_1890_second_rendition.ogg	https://commons.wikimedia.org/wiki/File:Florence_Nightingale_voice_-_1576A_2nd_Rendition.ogg	public domain / Public Domain Mark	Florence Nightingale	30 July 1890 second wax-cylinder rendition.
ernest-shackleton-my-south-polar-expedition	audio/original/ernest_shackleton_my_south_polar_expedition.ogg	https://commons.wikimedia.org/wiki/File:Ernest_Shackleton-MySouthPolarExpedition.ogg	public domain / Public Domain Mark	Ernest Shackleton	Recorded 30 March 1910 on Edison Amberol cylinder.
walt-whitman-america	audio/original/walt_whitman_america.ogg	https://commons.wikimedia.org/wiki/File:Walt_Whitman_-_America.ogg	public domain / Public Domain Mark	voice attributed to Walt Whitman	Restored cylinder transfer; speaker attribution is not certain.
thomas-edison-around-world-1888	audio/original/thomas_edison_around_world_1888.ogg	https://commons.wikimedia.org/wiki/File:Aroundworldonphon1888.ogg	public domain / Public Domain Mark	Thomas Edison	October 1888 phonograph recording.
alfred-tennyson-light-brigade	audio/original/alfred_tennyson_light_brigade.ogg	https://commons.wikimedia.org/wiki/File:LightBrigade-Tennyson.ogg	public domain / Public Domain Mark	Alfred Tennyson	Tennyson reading The Charge of the Light Brigade.
sigmund-freud-bbc-1938	audio/original/sigmund_freud_bbc_1938.ogg	https://commons.wikimedia.org/wiki/File:Sigmund_Freud%27s_Voice_%28BBC_Broadcast_Recording_1938%29.ogg	public domain / PD EU Audio	Sigmund Freud	1938 BBC recording.
theodore-roosevelt-liberty-people	audio/original/theodore_roosevelt_liberty_people.ogg	https://commons.wikimedia.org/wiki/File:Theodore_Roosevelt_%22The_liberty_of_the_people%22_speech.ogg	public domain in the United States	Theodore Roosevelt	1912 historical speech fixture.
william-jennings-bryan-ideal-republic	audio/original/william_jennings_bryan_ideal_republic.ogg	https://commons.wikimedia.org/wiki/File:Bryan_-_The_Ideal_Republic.ogg	public domain / Public Domain Mark	William Jennings Bryan	1922 speech recording.
leo-tolstoy-vremya-prishlo	audio/original/leo_tolstoy_vremya_prishlo.ogg	https://commons.wikimedia.org/wiki/File:Tolstoy_Vremya_prishlo.ogg	public domain / PD-RusEmpire	Leo Tolstoy	1908 Russian-language recording.
thomas-edison-1920s-speech	audio/original/thomas_edison_1920s_speech.ogv	https://commons.wikimedia.org/wiki/File:Edison_speech,_1920s.ogv	U.S. government work; public domain in the United States	Thomas Edison	Original video container retained because its audio is the historical voice source.
michel-foucault-audio	-	https://www.college-de-france.fr/en/news/michel-foucault-lectures-online	reference only	Michel Foucault / Collège de France	Do not redistribute without recording-specific rights clearance; see reference-only/michel-foucault-audio.md.
