id	local_path	source_page	direct_url	rights	credit	duration	notes
pennsound-tape-poems-adding-minutes	audio/noncommercial/pennsound/tape-poems/adding-minutes.mp3	https://writing.upenn.edu/pennsound/x/Tape-Poems.php	https://media.sas.upenn.edu/pennsound/groups/Tape-Poems-1969-Costa-Perreault/Tape-Poems_Costa-Perreault_1969_3.mp3	noncommercial and educational use only; author rights retained	Scott Burton	0:13	Tape Poems (1969)
pennsound-tape-poems-helium-krypton	audio/noncommercial/pennsound/tape-poems/helium-and-krypton.mp3	https://writing.upenn.edu/pennsound/x/Tape-Poems.php	https://media.sas.upenn.edu/pennsound/groups/Tape-Poems-1969-Costa-Perreault/Tape-Poems_Costa-Perreault_1969_17-Helium-and-Krypton.mp3	noncommercial and educational use only; author rights retained	Hannah Weiner	1:06	Tape Poems (1969)
pennsound-tape-poems-object-a-b	audio/noncommercial/pennsound/tape-poems/object-a-b.mp3	https://writing.upenn.edu/pennsound/x/Tape-Poems.php	https://media.sas.upenn.edu/pennsound/groups/Tape-Poems-1969-Costa-Perreault/Tape-Poems_Costa-Perreault_1969_18-The-Sound-of-an-Object-Part-1.mp3	noncommercial and educational use only; author rights retained	Hannah Weiner	0:41	Sound of an Object, A to B
pennsound-tape-poems-object-b-c	audio/noncommercial/pennsound/tape-poems/object-b-c.mp3	https://writing.upenn.edu/pennsound/x/Tape-Poems.php	https://media.sas.upenn.edu/pennsound/groups/Tape-Poems-1969-Costa-Perreault/Tape-Poems_Costa-Perreault_1969_19-The-Sound-of-an-Object-Part-2.mp3	noncommercial and educational use only; author rights retained	Hannah Weiner	0:42	Sound of an Object, B to C
pennsound-tape-poems-object-c-d	audio/noncommercial/pennsound/tape-poems/object-c-d.mp3	https://writing.upenn.edu/pennsound/x/Tape-Poems.php	https://media.sas.upenn.edu/pennsound/groups/Tape-Poems-1969-Costa-Perreault/Tape-Poems_Costa-Perreault_1969_20-The-Sound-of-an-Object-Part-3.mp3	noncommercial and educational use only; author rights retained	Hannah Weiner	0:39	Sound of an Object, C to D
pennsound-tape-poems-speed-racer	audio/noncommercial/pennsound/tape-poems/speed-racer.mp3	https://writing.upenn.edu/pennsound/x/Tape-Poems.php	https://media.sas.upenn.edu/pennsound/groups/Tape-Poems-1969-Costa-Perreault/Tape-Poems_Costa-Perreault_1969_21-Speed-Racer.mp3	noncommercial and educational use only; author rights retained	Hannah Weiner	1:00	Tape Poems (1969)
pennsound-carnivocal-motorized-razors	audio/noncommercial/pennsound/carnivocal/motorized-razors.mp3	https://writing.upenn.edu/pennsound/x/Carnivocal.php	https://media.sas.upenn.edu/pennsound/authors/Bok/Carnivocal/Bok-Christian_18_Motorized-Razors_Carnivocal_1999.mp3	noncommercial and educational use only; author rights retained	Christian Bök	1:05	Sound poetry
pennsound-adachi-face-voice-gesture	audio/noncommercial/pennsound/adachi/face-for-voice-and-gesture.mp3	https://writing.upenn.edu/pennsound/x/Edit.php	https://media.sas.upenn.edu/pennsound/groups/Edit/Kennedy-Adachi_02-18-2010/Adachi-Tomomi_02_Face-For-Voice-And-Gesture_EDIT_KWH-UPenn_02-18-2010.mp3	noncommercial and educational use only; author rights retained	Tomomi Adachi	4:16	EDIT Series
pennsound-adachi-infrared-shirt	audio/noncommercial/pennsound/adachi/voice-and-infrared-sensor-shirt.mp3	https://writing.upenn.edu/pennsound/x/Edit.php	https://media.sas.upenn.edu/pennsound/groups/Edit/Kennedy-Adachi_02-18-2010/Adachi-Tomomi_09_Voice-And-Infrared-Shirt_EDIT_KWH-UPenn_02-18-2010.mp3	noncommercial and educational use only; author rights retained	Tomomi Adachi	6:19	EDIT Series
